chroma_stft,spectral_centroid,spectral_bandwidth,rolloff,zero_crossing_rate,mfcc1,mfcc2,mfcc3,mfcc4,mfcc5,mfcc6,mfcc7,mfcc8,mfcc9,mfcc10,mfcc11,mfcc12,mfcc13,mfcc14,mfcc15,mfcc16,mfcc17,mfcc18,mfcc19,mfcc20,label
0.3617429733276367,2338.1211290724973,2213.644037179328,4709.503845506878,0.13949891596889952,-387.0799865722656,90.51492309570312,12.857476234436035,23.81073760986328,-19.69330406188965,-0.24884437024593353,-12.63005542755127,-5.692428112030029,-21.33329200744629,14.504405975341797,-22.65970802307129,3.063835620880127,-8.131794929504395,-7.221322059631348,7.093003273010254,-12.2362060546875,0.7515645027160645,-4.031706809997559,-3.8383572101593018,-5.358673095703125,unsober
