chroma_stft,spectral_centroid,spectral_bandwidth,rolloff,zero_crossing_rate,mfcc1,mfcc2,mfcc3,mfcc4,mfcc5,mfcc6,mfcc7,mfcc8,mfcc9,mfcc10,mfcc11,mfcc12,mfcc13,mfcc14,mfcc15,mfcc16,mfcc17,mfcc18,mfcc19,mfcc20,label
0.3689647614955902,1913.3871500955263,2085.802609039251,3969.2733457424497,0.09656873576821669,-330.7585754394531,96.4792709350586,25.496858596801758,21.337900161743164,-15.437956809997559,-4.430291652679443,-13.490593910217285,-1.190808892250061,-13.977445602416992,0.8758944272994995,-18.6108341217041,3.1869056224823,-7.726667404174805,-10.97693920135498,7.927337169647217,-8.421019554138184,-4.337893009185791,-5.667142868041992,-4.713412284851074,-5.2927327156066895,unsober
