chroma_stft,spectral_centroid,spectral_bandwidth,rolloff,zero_crossing_rate,mfcc1,mfcc2,mfcc3,mfcc4,mfcc5,mfcc6,mfcc7,mfcc8,mfcc9,mfcc10,mfcc11,mfcc12,mfcc13,mfcc14,mfcc15,mfcc16,mfcc17,mfcc18,mfcc19,mfcc20,label
0.31622931361198425,2094.7682326808545,2093.330553674339,4232.928028876471,0.11881437429932735,-362.0502014160156,103.84007263183594,6.562873363494873,26.327560424804688,-18.90403175354004,-10.083721160888672,-25.038944244384766,-1.8876969814300537,-13.194986343383789,13.794629096984863,-25.396760940551758,5.014101028442383,-6.077053070068359,-8.28077220916748,3.4475343227386475,-13.804792404174805,-0.949917733669281,-12.075712203979492,-16.093364715576172,-6.291658878326416,unsober
