chroma_stft,spectral_centroid,spectral_bandwidth,rolloff,zero_crossing_rate,mfcc1,mfcc2,mfcc3,mfcc4,mfcc5,mfcc6,mfcc7,mfcc8,mfcc9,mfcc10,mfcc11,mfcc12,mfcc13,mfcc14,mfcc15,mfcc16,mfcc17,mfcc18,mfcc19,mfcc20,label
0.31680217385292053,1503.2146637321323,1738.4308325671295,2986.2431498961746,0.0727689865319373,-300.0462951660156,116.60967254638672,12.152746200561523,15.995051383972168,-4.158257007598877,1.7333719730377197,-20.332883834838867,-17.206754684448242,-20.57204246520996,-2.330965995788574,-22.575075149536133,-6.711031436920166,-10.176379203796387,-9.404340744018555,-0.9287794828414917,-7.8602166175842285,2.3928771018981934,-6.738678455352783,-1.8719626665115356,-0.34826675057411194,unsober
