chroma_stft,spectral_centroid,spectral_bandwidth,rolloff,zero_crossing_rate,mfcc1,mfcc2,mfcc3,mfcc4,mfcc5,mfcc6,mfcc7,mfcc8,mfcc9,mfcc10,mfcc11,mfcc12,mfcc13,mfcc14,mfcc15,mfcc16,mfcc17,mfcc18,mfcc19,mfcc20,label
0.3500624895095825,1942.0586157449577,1996.8297208450824,3885.7042008032663,0.1031516031970538,-249.63796997070312,117.53050231933594,-6.71111536026001,13.122370719909668,-6.290326118469238,2.7529475688934326,-23.34392547607422,8.215460777282715,-18.325706481933594,-0.6842367053031921,-22.010374069213867,0.24514906108379364,-6.541111469268799,-14.324782371520996,-0.5547317266464233,-6.604910373687744,-5.451412200927734,-1.5141456127166748,3.4690167903900146,-4.377875328063965,unsober
