chroma_stft,spectral_centroid,spectral_bandwidth,rolloff,zero_crossing_rate,mfcc1,mfcc2,mfcc3,mfcc4,mfcc5,mfcc6,mfcc7,mfcc8,mfcc9,mfcc10,mfcc11,mfcc12,mfcc13,mfcc14,mfcc15,mfcc16,mfcc17,mfcc18,mfcc19,mfcc20,label
0.33576732873916626,1787.6968721577828,2029.9048045421532,3640.5573678049336,0.08660891460141618,-267.169189453125,110.74524688720703,15.263574600219727,17.331026077270508,-16.067466735839844,-3.860063314437866,-22.725481033325195,-5.824465751647949,-31.25798797607422,3.051316022872925,-21.66124725341797,-1.389609456062317,-1.4956121444702148,-15.241804122924805,1.0031055212020874,-3.455277442932129,-7.264087677001953,-1.9963679313659668,0.776394248008728,-8.836950302124023,unsober
