chroma_stft,spectral_centroid,spectral_bandwidth,rolloff,zero_crossing_rate,mfcc1,mfcc2,mfcc3,mfcc4,mfcc5,mfcc6,mfcc7,mfcc8,mfcc9,mfcc10,mfcc11,mfcc12,mfcc13,mfcc14,mfcc15,mfcc16,mfcc17,mfcc18,mfcc19,mfcc20,label
0.3526739478111267,2084.4478172880854,2210.6197756045935,4245.9995314537155,0.10543087159794655,-397.83636474609375,101.1368179321289,20.00250244140625,20.427907943725586,-11.990020751953125,10.018077850341797,-15.497770309448242,1.1744604110717773,-21.213638305664062,15.170998573303223,-17.180498123168945,-1.8502647876739502,-9.146952629089355,-4.411040306091309,3.8137190341949463,-10.777970314025879,-0.14146608114242554,-4.550715446472168,-4.903192520141602,-1.8270777463912964,unsober
