chroma_stft,spectral_centroid,spectral_bandwidth,rolloff,zero_crossing_rate,mfcc1,mfcc2,mfcc3,mfcc4,mfcc5,mfcc6,mfcc7,mfcc8,mfcc9,mfcc10,mfcc11,mfcc12,mfcc13,mfcc14,mfcc15,mfcc16,mfcc17,mfcc18,mfcc19,mfcc20,label
0.35035228729248047,2122.220231657273,2102.2154410721632,4145.504283792964,0.125442379369859,-310.76800537109375,102.9553451538086,17.59544563293457,31.119815826416016,-8.59702205657959,5.317625999450684,-29.70669937133789,-2.4296793937683105,-21.381881713867188,12.99862289428711,-18.888296127319336,-1.2841496467590332,-7.963425159454346,-12.204014778137207,0.7578730583190918,-7.819197177886963,-3.785250663757324,-10.398508071899414,-4.058253288269043,-7.450796127319336,unsober
