chroma_stft,spectral_centroid,spectral_bandwidth,rolloff,zero_crossing_rate,mfcc1,mfcc2,mfcc3,mfcc4,mfcc5,mfcc6,mfcc7,mfcc8,mfcc9,mfcc10,mfcc11,mfcc12,mfcc13,mfcc14,mfcc15,mfcc16,mfcc17,mfcc18,mfcc19,mfcc20,label
0.325242817401886,2056.348469554593,2086.3763447767983,4282.132439864309,0.10478071732954546,-361.3418884277344,97.8098373413086,9.164214134216309,35.08882141113281,-14.58597469329834,-11.027320861816406,-15.290693283081055,-6.952499866485596,-28.65005874633789,7.516440391540527,-20.65555191040039,-0.3250870406627655,-7.4462809562683105,-10.313498497009277,5.400264263153076,-12.745476722717285,-9.249576568603516,-2.270836591720581,-5.05482292175293,-7.091762065887451,unsober
