chroma_stft,spectral_centroid,spectral_bandwidth,rolloff,zero_crossing_rate,mfcc1,mfcc2,mfcc3,mfcc4,mfcc5,mfcc6,mfcc7,mfcc8,mfcc9,mfcc10,mfcc11,mfcc12,mfcc13,mfcc14,mfcc15,mfcc16,mfcc17,mfcc18,mfcc19,mfcc20,label
0.38492605090141296,1910.347210835174,2100.6450049871682,3932.9537990873896,0.10174206458947886,-429.45904541015625,111.15471649169922,31.186689376831055,34.77750778198242,-9.81762981414795,0.15024295449256897,-9.783951759338379,-4.498025894165039,-21.416492462158203,11.307316780090332,-18.523670196533203,0.936448872089386,-5.416940212249756,-9.839784622192383,3.8322322368621826,-11.654243469238281,1.7632453441619873,-6.949851989746094,-3.766326427459717,-4.710940361022949,unsober
